002fcbe4-503c-400d-8cc0-77a395570ade	Military Recaptures Bama As More Insurgents Are Killed in Adamawa	2015-03-11	http://www.thisdaylive.com/articles/military-recaptures-bama-as-more-insurgents-are-killed-in-adamawa/203836/	https://web.archive.org/web/20150330042016/http://www.thisdaylive.com/articles/military-recaptures-bama-as-more-insurgents-are-killed-in-adamawa/203836/	Nigeria	This Day
017326a6-80d1-44de-ad81-a72f47318254	Why insecurity is escalating – Buratai	2017-08-05	http://thenationonlineng.net/insecurity-escalating-buratai/	https://web.archive.org/web/20170906155743/http://thenationonlineng.net/insecurity-escalating-buratai/	Nigeria	The Nation
043dfc11-fa5b-4381-8769-7763eef70a1d	Nigeria to deploy 700 soldiers for Peace Keeping Operations in Liberia- Army	2013-09-06	https://www.premiumtimesng.com/news/144259-nigerian-deploy-700-soldiers-peace-keeping-operations-liberia-army.html	https://web.archive.org/web/20130910195411/https://www.premiumtimesng.com/news/144259-nigerian-deploy-700-soldiers-peace-keeping-operations-liberia-army.html	Nigeria	Premium Times
047b7dbf-b4e6-4848-b868-0ad63d226aa4	Boko Haram in Four-Hour Reign of Terror, Kills 35 in Yobe	2014-05-28	http://www.vanguardngr.com/2014/05/boko-haram-four-hour-reign-terror-kills-35-yobe/	https://web.archive.org/web/20150111171221/http://www.vanguardngr.com/2014/05/boko-haram-four-hour-reign-terror-kills-35-yobe/	Nigeria	Vanguard
07c77b18-66b2-42dc-83be-82da10e9ceec	Owoseni replaces Aderanti as Lagos CP	2015-07-02	http://guardian.ng/news/metro/owoseni-replaces-aderanti-as-lagos-cp/	https://web.archive.org/web/20160627144853/http://guardian.ng/news/metro/owoseni-replaces-aderanti-as-lagos-cp/	Nigeria	The Guardian
07eb86a9-ddb5-4051-a3c5-b5b0892fabbe	Troops welfare: Army to review fees in command schools	2016-07-22	http://www.vanguardngr.com/2016/07/troops-welfare-army-review-fees-command-schools/	https://web.archive.org/web/20160723163707/http://www.vanguardngr.com/2016/07/troops-welfare-army-review-fees-command-schools/	Nigeria	Vanguard
0a33bba3-ef02-46e0-897c-0195d43ab626	Nigerian Army | 7 Division	Not specified	http://army.mil.ng/Nigerian%20Army%20-%207%20%20Division.html	https://web.archive.org/web/20150402101528/http://army.mil.ng/Nigerian%20Army%20-%207%20%20Division.html	Nigeria	Nigerian Army
0b4ea4e0-fade-4d35-b449-c36e265795d3	Boko Haram Will Soon Be Contained - GOC	2012-07-02	http://www.vanguardngr.com/2012/07/boko-haram-ll-soon-be-contained-goc/	https://web.archive.org/web/20120702163833/http://www.vanguardngr.com/2012/07/boko-haram-ll-soon-be-contained-goc/	Nigeria	Vanguard
0d12b749-2640-414a-bda6-7b4c9f46ffaa	Nigerian Army Updates Officers On Operations Planning	2013-04-28	http://www.channelstv.com/2013/04/28/nigerian-army-updates-officers-on-operations-planning/	https://web.archive.org/web/20160420203208/http://www.channelstv.com/2013/04/28/nigerian-army-updates-officers-on-operations-planning/	Nigeria	Channels Television
1269b9a8-4391-4982-9f87-e8946788adfc	Ops Python Dance 2: GOC 82 Div tours IPOB leader, Nnamdi Kanu’s home town	2017-09-13	https://www.vanguardngr.com/2017/09/ops-python-dance-2-goc-82-div-tours-ipob-leader-nnamdi-kanus-home-town/	https://web.archive.org/web/20170914203506/https://www.vanguardngr.com/2017/09/ops-python-dance-2-goc-82-div-tours-ipob-leader-nnamdi-kanus-home-town/	Nigeria	Vanguard
131d3cca-4cf7-47ee-a873-1f0eff8d5ed1	6 Div Commander resumes duty in Port Harcourt	2017-02-04	https://www.dailytrust.com.ng/news/general/6-div-commander-resumes-duty-in-port-harcourt/183826.html	https://web.archive.org/web/20170925180604/https://www.dailytrust.com.ng/news/general/6-div-commander-resumes-duty-in-port-harcourt/183826.html	Nigeria	Daily Trust
152dda04-94ea-496c-a844-17c614fa219c	Army Arrests 37 Boko Haram Suspects in Lagos, Ogun	2016-11-18	https://www.thisdaylive.com/index.php/2016/11/18/army-arrests-37-boko-haram-suspects-in-lagos-ogun/	https://web.archive.org/web/20161121014209/https://www.thisdaylive.com/index.php/2016/11/18/army-arrests-37-boko-haram-suspects-in-lagos-ogun/	Nigeria	This Day
15917041-68d6-4577-893d-d100a94ac4e9	Nigeria deploys 700 soldiers to Liberia	2015-06-26	http://thenationonlineng.net/nigeria-deploys-700-soldiers-to-liberia/	https://web.archive.org/web/20150927145213/http://thenationonlineng.net/nigeria-deploys-700-soldiers-to-liberia/	Nigeria	The Nation
17a7a0b4-17d8-47bf-9a00-c2c1c99c5685	Boko Haram - Massive Shake-Up in the Army	2012-02-16	http://www.vanguardngr.com/2012/02/boko-haram-massive-shake-up-in-the-army/	https://web.archive.org/web/20120713054411/http://www.vanguardngr.com/2012/02/boko-haram-massive-shake-up-in-the-army/?	Nigeria	Vanguard
1baf156c-948b-4c99-aad3-b079246039b8	Nwoga Takes Over At Three Division	2014-01-11	http://allafrica.com/stories/201401130501.html	https://web.archive.org/web/20161104151502/http://allafrica.com/stories/201401130501.html	Nigeria	Daily Trust
1bc14945-bb31-4975-bcd1-fdbf52baea16	Jonathan Names New CDS, Service Chiefs	2012-10-05	http://allafrica.com/stories/201210050526.html	https://web.archive.org/web/20121009070233/http://allafrica.com/stories/201210050526.html	Nigeria	This Day
1cd668a8-d49e-4036-a376-d5ebca3c4f80	EXCLUSIVE: Nigerian Army officially declares 46 soldiers missing	2016-11-23	https://www.premiumtimesng.com/news/headlines/216039-exclusive-nigerian-army-officially-declares-46-soldiers-missing.html	https://web.archive.org/web/20161123102341/https://www.premiumtimesng.com/news/headlines/216039-exclusive-nigerian-army-officially-declares-46-soldiers-missing.html	Nigeria	Premium Times
1f6a8613-bbc2-409b-b584-e26d08b8313d	Nigeria: Unearthing The Truth: Unlawful Killings and Mass Cover-Up in Zaria.	2016-04-22	https://www.amnesty.org/en/documents/afr01/3883/2016/en/	https://web.archive.org/web/20160720154100/https://www.amnesty.org/en/documents/afr01/3883/2016/en/	United Kingdom	Amnesty International
1f6ae567-b76c-4a32-a03b-c6794028d5a0	Army to Boko Haram: Surrender arms, embrace FG amnesty offer	2018-03-29	https://www.vanguardngr.com/2018/03/army-boko-haram-surrender-arms-embrace-fg-amnesty-offer/	https://web.archive.org/web/20180917184640/https://www.vanguardngr.com/2018/03/army-boko-haram-surrender-arms-embrace-fg-amnesty-offer/	Nigeria	Vanguard
20964bcf-51b2-4a03-9ea0-c514d4662918	COAS commends Gov. Gaidam for presentation of vehicles to army	2018-01-06	https://www.vanguardngr.com/2018/01/coas-commends-gov-gaidam-presentation-vehicles-army/	https://web.archive.org/web/20180808185128/https://www.vanguardngr.com/2018/01/coas-commends-gov-gaidam-presentation-vehicles-army/	Nigeria	Vanguard
213e3add-1325-4e48-b537-fa015d0a4e72	Boko Haram: Nigerian Army inducts Combat Motorbike battalion into Battle	2016-02-28	http://www.vanguardngr.com/2016/02/614927/	https://web.archive.org/web/20160228162501/http://www.vanguardngr.com/2016/02/614927/	Nigeria	Vanguard
2403f9fa-3b7c-4a5c-becc-626fe3e609b9	Military releases 275 suspected Boko Haram detainees	2016-02-13	http://www.vanguardngr.com/2016/02/military-releases-275-suspected-boko-haram-detainees/	https://web.archive.org/web/20160215084235/http://www.vanguardngr.com/2016/02/military-releases-275-suspected-boko-haram-detainees/	Nigeria	Vanguard
24ad030d-abe7-462d-9fb1-829df7df5c68	Taraba violence: Nigerian Army blames politicians as Governor Ishaku denies ordering killing of Fulanis	2017-06-25	https://www.premiumtimesng.com/news/headlines/235043-taraba-violence-nigerian-army-blames-politicians-governor-ishaku-denies-ordering-killing-fulanis.html	https://web.archive.org/web/20170625072833/https://www.premiumtimesng.com/news/headlines/235043-taraba-violence-nigerian-army-blames-politicians-governor-ishaku-denies-ordering-killing-fulanis.html	Nigeria	Premium Times
259b700f-fd2c-422c-85e0-e5011a25c06a	Army kill 35 bandits, arrest 39 in North West -- GOC	2016-03-18	http://nannewsnigeria.com/army-kill-35-bandits-arrest-39-north-west-goc	https://web.archive.org/web/20160411192642/http://nannewsnigeria.com/army-kill-35-bandits-arrest-39-north-west-goc	Nigeria	News Agency of Nigeria
25c08012-69c2-4e12-a85a-604f0eee0df3	Nigerian Army | 81 Division	Not specified	http://army.mil.ng/Nigerian%20Army%20-%2081%20%20Division.html	https://web.archive.org/web/20150721223312/http://army.mil.ng/Nigerian%20Army%20-%2081%20%20Division.html	Nigeria	Nigerian Army
2671af60-5258-47fc-a314-a413256ddf72	Dickson receives Buratai, urges him to help make Bayelsa foremost tourist, economic hub	2018-03-05	https://www.vanguardngr.com/2018/03/dickson-receives-buratai-urges-him-to-help-make-bayelsa-foremost-tourist-economic-hub/	https://web.archive.org/web/20180826001033/https://www.vanguardngr.com/2018/03/dickson-receives-buratai-urges-him-to-help-make-bayelsa-foremost-tourist-economic-hub/	Nigeria	Vanguard
2de9f5ea-c360-427e-b742-f1ddfa01c0b3	Troops kill 4, arrest 9 militiamen in Bauchi State	2018-03-18	https://www.vanguardngr.com/2018/03/troops-kill-4-arrest-9-militiamen-bauchi-state/	https://web.archive.org/web/20180731125442/https://www.vanguardngr.com/2018/03/troops-kill-4-arrest-9-militiamen-bauchi-state/	Nigeria	Vanguard
2f65f578-59d2-4b4f-8ae4-920927e7e598	GOC: New Security Role Won’t Overwhelm Army	2013-09-14	http://www.thisdaylive.com:80/articles/goc-new-security-role-won-t-overwhelm-army/158976	https://web.archive.org/web/20130916231734/http://www.thisdaylive.com:80/articles/goc-new-security-role-won-t-overwhelm-army/158976	Nigeria	This Day
2fc0f588-8af2-4c04-841c-3d44f42b6ffd	Troops clear Boko Haram in Doksa, Dure	2016-03-06	http://www.dailytrust.com.ng/news/general/troops-clear-boko-haram-in-doksa-dure/136754.html	https://web.archive.org/web/20160324033444/http://www.dailytrust.com.ng/news/general/troops-clear-boko-haram-in-doksa-dure/136754.html	Nigeria	Daily Trust
30dd1435-d22d-4db7-9f93-fb993069ed47	Army test officers’ proficiency in handling of weapons, military drills	2018-07-30	https://www.dailytrust.com.ng/army-test-officers-proficiency-in-handling-of-weapons-military-drills-263292.html	https://web.archive.org/web/20180918172328/https://www.dailytrust.com.ng/army-test-officers-proficiency-in-handling-of-weapons-military-drills-263292.html	Nigeria	Daily Trust
315f389c-9801-49e7-a562-440fad134991	13 Killed, 40 Injured in Bauchi Bomb Tragedy	2011-05-30	http://www.thisdaylive.com/articles/13-killed-40-injured-in-bauchi-bomb-tragedy/92307/	https://web.archive.org/web/20151222210554/http://www.thisdaylive.com/articles/13-killed-40-injured-in-bauchi-bomb-tragedy/92307/	Nigeria	This Day
34cc8b2c-1cb1-44b2-87ae-af6e04fbbe08	Army Organises Joint Poll Exercise For Security Agencies	2015-03-24	http://leadership.ng/news/419844/army-organises-joint-poll-exercise-for-security-agencies	https://web.archive.org/web/20150330030844/http://leadership.ng/news/419844/army-organises-joint-poll-exercise-for-security-agencies	Nigeria	Leadership
356602e4-042e-4ad3-8bb2-f539b8644514	Rid our Forests of Criminals, Abubakar Challenges Army	2017-08-27	https://www.thisdaylive.com/index.php/2017/08/27/rid-our-forests-of-criminals-abubakar-challenges-army/	https://web.archive.org/web/20170827191707/https://www.thisdaylive.com/index.php/2017/08/27/rid-our-forests-of-criminals-abubakar-challenges-army/	Nigeria	This Day
35c79a6c-48a2-47bc-8afd-c122ac3b4353	‘We Arrested Many Boko Haram Suspects In Lagos’	2015-08-11	http://leadership.ng/news/453096/we-arrested-many-boko-haram-suspects-in-lagos	https://web.archive.org/web/20151217225433/http://leadership.ng/news/453096/we-arrested-many-boko-haram-suspects-in-lagos	Nigeria	Leadership
35ea21a5-cefc-4878-87e8-4cdb0cf2779e	Troops nab 3 Boko Haram terrorists in Borno	2018-03-29	https://www.vanguardngr.com/2018/03/troops-nab-3-boko-haram-terrorists-borno/	https://web.archive.org/web/20180809183436/https://www.vanguardngr.com/2018/03/troops-nab-3-boko-haram-terrorists-borno/	Nigeria	Vanguard
361de417-fe5f-4a76-9637-144f104713db	BREAKING NEWS: YAr'adua Sacks Military Chiefs; Departs to Saudi Arabia for Medical Treatment	2008-08-19	http://saharareporters.com/2008/08/19/breaking-news-yaradua-sacks-military-chiefs-departs-saudi-arabia-medical-treatment	https://web.archive.org/web/20150502185948/http://saharareporters.com/2008/08/19/breaking-news-yaradua-sacks-military-chiefs-departs-saudi-arabia-medical-treatment	United States of America	Sahara Reporters
37ea0e4c-2b65-47e3-8347-6c55d6230165	Army Kill 14 Boko Haram Terrorists In Yobe – GOC 3 Division	2016-01-26	http://independent.ng/army-kill-14-boko-haram-terrorists-yobe-goc-3-division/	https://web.archive.org/web/20170922205001/http://independent.ng/army-kill-14-boko-haram-terrorists-yobe-goc-3-division/	Nigeria	Independent
3946c185-68a6-4248-aa19-c9278cc0ed06	Army is combat-ready for terrorists – COAS	2012-05-27	http://www.vanguardngr.com/2012/05/army-is-combat-ready-for-terrorists-coas/	https://web.archive.org/web/20121121055226/http://www.vanguardngr.com/2012/05/army-is-combat-ready-for-terrorists-coas/	Nigeria	Vanguard
3b321757-557f-4af7-a20d-d30ecee55bd6	48 Killed in Fresh Borno Attacks, Chibok Schoolgirls Sighted in Chad	2014-05-22	http://www.vanguardngr.com/2014/05/48-killed-fresh-borno-attacks/	https://web.archive.org/web/20140522030848/http://www.vanguardngr.com/2014/05/48-killed-fresh-borno-attacks/	Nigeria	Vanguard
3f8dfc80-4dcc-41a1-880e-0828c3f2cdd5	Terrorism... Shopping Malls, Tank Farms Under Surveillance	2013-09-28	http://www.thisdaylive.com/articles/terrorism-shopping-malls-tank-farms-under-surveillance/160146/	https://web.archive.org/web/20130930215016/http://www.thisdaylive.com/articles/terrorism-shopping-malls-tank-farms-under-surveillance/160146/	Nigeria	This Day
431d003c-096b-4bd1-b02b-e4676519d2d4	GOC urges stakeholders to end perennial communal clashes in A’ibom, Cross River states	2017-02-13	http://www.championnews.com.ng/goc-urges-stakeholders-to-end-perennial-communal-clashes-in-aibom-cross-river-states/	https://web.archive.org/web/20170214050742/http://www.championnews.com.ng/goc-urges-stakeholders-to-end-perennial-communal-clashes-in-aibom-cross-river-states/	Nigeria	Champion Newspapers
47392e3d-3c5f-4610-b2ec-173a0c29cce8	Army Reconciles Warring Communities in Cross River, Ebonyi States	2017-09-11	https://www.thisdaylive.com/index.php/2017/09/11/army-reconciles-warring-communities-in-cross-river-ebonyi-states/	https://web.archive.org/web/20170911033348/https://www.thisdaylive.com/index.php/2017/09/11/army-reconciles-warring-communities-in-cross-river-ebonyi-states/	Nigeria	This Day
47a1f85c-73b4-47f1-a6b5-1e82f3da010f	Army Begins Large-Scale Operation in Sambisa Forests - Commander	2016-05-02	http://www.premiumtimesng.com/news/more-news/202752-army-begins-large-scale-operation-sambisa-forests-commander.html	https://web.archive.org/web/20160503114230/http://www.premiumtimesng.com/news/more-news/202752-army-begins-large-scale-operation-sambisa-forests-commander.html	Nigeria	Premium Times
493ac34f-6d9a-40ff-9843-5d7de6d3525c	NIGERIAN ARMY CHRONICLE OF COMMAND	Not specified	http://army.mil.ng/Chronicle%20of%20Command.html	https://web.archive.org/web/20150721222815/http://army.mil.ng/Chronicle%20of%20Command.html	Nigeria	Nigerian Army
4a0c555c-07b3-421a-aebe-3dc5f3d7b509	We Arrested Zakzaky, Wife - Army	2015-12-15	http://www.dailytrust.com.ng/news/general/we-arrested-zakzaky-wife--army/124411.html	https://web.archive.org/web/20160110170009/http://dailytrust.com.ng/news/general/we-arrested-zakzaky-wife--army/124411.html	Nigeria	Daily Trust
4a932064-c445-4131-b111-ceb09aade8a1	Army Demands Discipline From Civilian JTF	2013-11-24	http://www.thisdaylive.com/articles/army-demands-discipline-from-civilian-jtf/165083/	https://web.archive.org/web/20131206163137/http://www.thisdaylive.com/articles/army-demands-discipline-from-civilian-jtf/165083/	Nigeria	This Day
4bf889e9-d881-4295-a498-6e3dfaa40d1b	FG Deploys Soldiers in Nasarawa	2013-09-19	http://leadership.ng/news/327056/fg-deploys-soldiers-nasarawa	https://web.archive.org/web/20150323114317/http://leadership.ng/news/327056/fg-deploys-soldiers-nasarawa	Nigeria	Leadership
4da481e7-b4f8-4118-9fd1-517ed10ca755	Army Explains Role Of New Division In Niger Delta	2016-11-19	https://www.pmnewsnigeria.com/2016/11/19/army-explains-role-of-new-division-in-niger-delta/	https://web.archive.org/web/20161120144150/https://www.pmnewsnigeria.com/2016/11/19/army-explains-role-of-new-division-in-niger-delta/	Nigeria	P.M. News
50fffcf6-562a-49a1-bd85-416805735fbb	Gunmen Kill DPO, 3 Policemen	2012-04-30	http://www.thisdaylive.com/articles/gunmen-kill-dpo-3-policemen/114817/	https://web.archive.org/web/20120503105759/http://www.thisdaylive.com/articles/gunmen-kill-dpo-3-policemen/114817/	Nigeria	This Day
546826b0-3d58-4a16-904c-ec001189b28e	Bombings: Part of failed plots to derail Jonathan’s inauguration – Security Agencies	2011-05-31	http://www.vanguardngr.com/2011/05/bombings-part-of-failed-plots-to-derail-jonathans-inauguration-security-agencies/	https://web.archive.org/web/20110601235824/http://www.vanguardngr.com/2011/05/bombings-part-of-failed-plots-to-derail-jonathans-inauguration-security-agencies	Nigeria	Vanguard
550e0f4b-80a6-4c5a-8574-20857d90b8c1	SOUTH EAST GOVERNORS EXTOL ARMY FOR MAKING REGION INVESTORS’ SAFE HAVEN	2016-03-01	http://www.army.mil.ng/south-east-governors-extol-army-for-making-region-investors-safe-haven/	https://web.archive.org/web/20171129125029/http://www.army.mil.ng/south-east-governors-extol-army-for-making-region-investors-safe-haven/	Nigeria	Nigerian Army
5719e8e1-6caf-4e8d-8365-6e92e50ed7a9	Army troops arrest suspected kidnappers in Kaduna	2018-04-24	https://www.vanguardngr.com/2018/04/army-troops-arrest-suspected-kidnappers-kaduna/	https://web.archive.org/web/20180809183826/https://www.vanguardngr.com/2018/04/army-troops-arrest-suspected-kidnappers-kaduna/	Nigeria	Vanguard
582d5933-38ab-4137-bc30-3fc7a4334fbd	MASSOB counters Buhari, sure of UN referendum on Biafra	2015-11-18	https://guardian.ng/news/massob-counters-buhari-sure-of-un-referendum-on-biafra/	https://web.archive.org/web/20171212183851/https://guardian.ng/news/massob-counters-buhari-sure-of-un-referendum-on-biafra/	Nigeria	The Guardian
5c5f25a2-6751-40ef-a68f-4c90f4b5d8b7	Defence HQ Launch Skills Acquisition In Barracks	2011-03-08	https://www.pmnewsnigeria.com/2011/03/08/defence-hq-launch-skills-acquisition-in-barracks/	https://web.archive.org/web/20110308182016/https://www.pmnewsnigeria.com/2011/03/08/defence-hq-launch-skills-acquisition-in-barracks/	Nigeria	P.M. News
61dea0fe-8477-40bb-9624-4f908b2fd31d	Driver Beats Policeman to Death in Benin	2014-07-01	http://allafrica.com/stories/201407020439.html	https://web.archive.org/web/20160629155047/http://allafrica.com/stories/201407020439.html	Nigeria	Daily Independent
65c4fd99-6206-4009-80c0-d1a8d1519c3c	Sordid Tales of Their 'Deportation' From Lagos to Onitsha	2013-08-10	http://www.vanguardngr.com/2013/08/sordid-tales-of-their-deportation-from-lagos-to-onitsha/	https://web.archive.org/web/20140216090353/http://www.vanguardngr.com/2013/08/sordid-tales-of-their-deportation-from-lagos-to-onitsha/	Nigeria	Vanguard
68b26bfc-1cb5-4148-aafa-616046a795f6	Army deploys another 800 to Darfur	2013-01-13	http://sunnewsonline.com/new/army-deploys-another-800-to-darfur/	https://web.archive.org/web/20150714030036/http://sunnewsonline.com/new/army-deploys-another-800-to-darfur/	Nigeria	The Sun
6a288100-b0d0-4fa6-8d69-089e22d15c75	Nigeria sends 700 soldiers to maintain peace in Liberia	2014-03-20	http://www.vanguardngr.com/2014/03/nigeria-sends-700-soldiers-maintain-peace-liberia/	https://web.archive.org/web/20140423062529/http://www.vanguardngr.com/2014/03/nigeria-sends-700-soldiers-maintain-peace-liberia	Nigeria	Vanguard
6a622827-3f0b-47e8-a818-231c52513171	After Borno, Yobe Massacre - B-Haram Strikes in Adamawa, Kills 14	2014-02-28	http://www.vanguardngr.com/2014/02/borno-yobe-massacre-b-haram-strikes-adamawa-kills-14/	https://web.archive.org/web/20150407113216/http://www.vanguardngr.com/2014/02/borno-yobe-massacre-b-haram-strikes-adamawa-kills-14/	Nigeria	Vanguard
6a860be0-0a84-42d9-993b-cff99ea0e65e	Army kill Boko Haram leader, rescue nine children	2017-06-13	https://guardian.ng/news/army-kill-boko-haram-leader-rescue-nine-children/	https://web.archive.org/web/20170613061942/https://guardian.ng/news/army-kill-boko-haram-leader-rescue-nine-children/	Nigeria	The Guardian
6ab9c4ae-b626-4f4b-9a3e-d90d19518ab8	Boko Haram attacks Bama, service chiefs to visit Borno	2017-10-01	https://punchng.com/boko-haram-attacks-bama-service-chiefs-to-visit-borno/	https://web.archive.org/web/20180806145757/https://punchng.com/boko-haram-attacks-bama-service-chiefs-to-visit-borno/	Nigeria	The Punch
6d8d6c4d-317e-4f9f-bbf0-35e190c15374	72 Generals Redeployed in Army Shake-up	2012-02-16	http://www.thisdaylive.com/articles/72-generals-redeployed-in-army-shake-up/109414/	https://web.archive.org/web/20120428054110/http://www.thisdaylive.com/articles/72-generals-redeployed-in-army-shake-up/109414	Nigeria	This Day
6e34fc31-810c-4002-94ff-b981081110cf	Army to provide conducive environment for officers	2014-11-23	http://thenationonlineng.net/army-to-provide-conducive-environment-for-officers/	https://web.archive.org/web/20150930010448/http://thenationonlineng.net/army-to-provide-conducive-environment-for-officers/	Nigeria	The Nation
747ea676-8906-4d75-b0ae-740939e7c61d	Tactical Air Command	2013-10-29	http://www.nigerianairforce.net/NAFStructure/TAC.aspx	https://web.archive.org/web/20131029225403/http://www.nigerianairforce.net/NAFStructure/TAC.aspx	Nigeria	Nigerian Air Force
749e748d-a349-4c45-b524-f174d70909c8	Military recounts troop's success in Adamawa	2015-03-10	http://thenationonlineng.net/new/military-recounts-troops-success-in-adamawa/	https://web.archive.org/web/20150518174130/http://thenationonlineng.net/new/military-recounts-troops-success-in-adamawa/	Nigeria	The Nation
763e05ec-a66a-46fb-a691-223339e19272	Anti-Graft War: EFCC Seeks Army Support	2016-01-15	https://efccnigeria.org/efcc/news/1620-anti-graft-war-efcc-seeks-army-support	https://web.archive.org/web/20171220194636/https://efccnigeria.org/efcc/news/1620-anti-graft-war-efcc-seeks-army-support	Nigeria	Economic and Financial Crimes Commission
76fc2c07-4ce9-4c9a-8c95-6bfb88c08ec1	Buratai renames 21 Brigade as Special Forces Brigade	2018-07-20	https://www.vanguardngr.com/2018/07/buratai-renames-21-brigade-as-special-forces-brigade/	https://web.archive.org/web/20180825200336/https://www.vanguardngr.com/2018/07/buratai-renames-21-brigade-as-special-forces-brigade/	Nigeria	Vanguard
7a278f4a-c006-466b-916b-2da69632e1bd	GOC 82 Div	2016-10-28	https://www.vanguardngr.com/2016/10/goc-82-div-solicits-cooperation-security-agencies/	https://web.archive.org/web/20161102145738/http://www.vanguardngr.com:80/2016/10/goc-82-div-solicits-cooperation-security-agencies/	Nigeria	Vanguard
7c04f0e2-2348-4379-a7bf-6ca7a1ab5dea	Nigerian Army ends Operation Python Dance in South-East – Official	2016-12-26	https://www.premiumtimesng.com/regional/ssouth-east/218995-nigerian-army-ends-operation-python-dance-south-east-official.html	https://web.archive.org/web/20161227033100/https://www.premiumtimesng.com/regional/ssouth-east/218995-nigerian-army-ends-operation-python-dance-south-east-official.html	Nigeria	Premium Times
7c4a1206-effb-4695-a475-5b2743fe6922	GOC to soldiers: Shoot Ondo poll troublemakers	2012-10-19	http://sunnewsonline.com/new/shoot-troublemakers-goc-orders-soldiers/	https://web.archive.org/web/20150707151624/http://sunnewsonline.com/new/shoot-troublemakers-goc-orders-soldiers/	Nigeria	The Sun
7d66c675-67e2-4584-9b90-da798423a43f	LT GEN OA IHEJIRIKA	Not specified	http://army.mil.ng/LT%20Gen%20OA%20Ihejirika.html	https://web.archive.org/web/20150721220335/http://army.mil.ng/LT%20Gen%20OA%20Ihejirika.html	Nigeria	Nigerian Army
7f1d5ba0-9dc6-41fe-ba67-20755f94f191	Terrible week of road accidents (Editorial)	2016-03-17	http://www.dailytrust.com.ng/news/editorial/terrible-week-of-road-accidents/138228.html	https://web.archive.org/web/20160329141417/http://www.dailytrust.com.ng/news/editorial/terrible-week-of-road-accidents/138228.html	Nigeria	Daily Trust
7f1edbe1-3c12-45ac-bd31-f33c4a56824c	Troops kill 4, arrest 9 militiamen in Bauchi State	2018-03-19	https://www.vanguardngr.com/2018/03/troops-kill-4-arrest-9-militiamen-bauchi-state-2/	https://web.archive.org/web/20180803155317/https://www.vanguardngr.com/2018/03/troops-kill-4-arrest-9-militiamen-bauchi-state-2/	Nigeria	Vanguard
827dc295-f0d2-4c9e-9f78-6006dc87fb70	GOC - New Security Role Won't Overwhelm Army	2013-09-14	http://www.thisdaylive.com/articles/goc-new-security-role-won-t-overwhelm-army/158976/	https://web.archive.org/web/20130916231734/http://www.thisdaylive.com/articles/goc-new-security-role-won-t-overwhelm-army/158976	Nigeria	This Day
850e420d-1511-4d0a-82fc-a717d59924ae	No going back, fight to finish, Buratai charges troops	2018-07-19	https://www.vanguardngr.com/2018/07/no-going-back-fight-to-finish-buratai-charges-troops/	https://web.archive.org/web/20180809184246/https://www.vanguardngr.com/2018/07/no-going-back-fight-to-finish-buratai-charges-troops/	Nigeria	Vanguard
90050408-1e9c-4d11-ab4b-e978bb4aab6a	Army redeploys 127 senior officers	2014-02-13	http://www.punchng.com/news/army-redeploys-127-senior-officers/	https://web.archive.org/web/20150726182529/http://www.punchng.com/news/army-redeploys-127-senior-officers/	Nigeria	The Punch
92167d54-96bb-4dcb-90aa-b185584c5c25	Army, Navy Redeploy Senior Officers	2014-02-13	http://www.thisdaylive.com/articles/army-navy-redeploy-senior-officers/171306/	https://web.archive.org/web/20150207223407/http://www.thisdaylive.com/articles/army-navy-redeploy-senior-officers/171306/	Nigeria	This Day
92afd7db-26be-4eed-b0b6-4b18eb521df0	21 Brigade of the Nigerian Army gets new commander	2017-05-01	https://www.dailytrust.com.ng/news/general/21-brigade-of-the-nigerian-army-gets-new-commander/195748.html	https://web.archive.org/web/20170501054017/https://www.dailytrust.com.ng/news/general/21-brigade-of-the-nigerian-army-gets-new-commander/195748.html	Nigeria	Daily Trust
949241ed-6b48-4dfe-a7d3-aad59ce53b73	Army captures Alagarno, Boko Haram `spiritual power base’	2016-03-30	http://www.vanguardngr.com/2016/03/army-captures-alagarno-boko-haram-spiritual-power-base/	https://web.archive.org/web/20160330230355/http://www.vanguardngr.com/2016/03/army-captures-alagarno-boko-haram-spiritual-power-base/	Nigeria	Vanguard
96b4be35-d114-4d2e-a6f2-b02f0fa7532f	Terrorism - Army Sends GOC to Office	2014-10-25	http://www.vanguardngr.com/2014/10/terrorism-army-sends-goc-office/	https://web.archive.org/web/20141025074749/http://www.vanguardngr.com/2014/10/terrorism-army-sends-goc-office/	Nigeria	Vanguard
96c03f26-869e-4967-80c0-0e2de256d730	Bakassi Killings: Nigerian Soldiers Not Involved, Azazi Insists	2007-11-16	http://www.thisdayonline.com/nview.php?id=95384	https://web.archive.org/web/20071120020138/http://www.thisdayonline.com/nview.php?id=95384	Nigeria	This Day
9765187c-ccfc-4ad5-8df2-13dd99a99a6a	Coas Promises to Transform Army	2012-06-15	http://www.vanguardngr.com/2012/06/coas-promises-to-transform-army/	https://web.archive.org/web/20120615111201/http://www.vanguardngr.com/2012/06/coas-promises-to-transform-army/	Nigeria	Vanguard
a2922c4e-d151-4b62-b0e1-bfe41d1af48c	Shake-Up in Army	2009-01-10	http://allafrica.com/stories/200901120558.html	https://web.archive.org/web/20100911084631/http://allafrica.com:80/stories/200901120558.html	Nigeria	Vanguard
a2c6f7fd-c96b-4577-8694-0a0b402e2751	3 soldiers, 2 civilian JTF members killed by Boko Haram in shootout in Borno	2018-03-19	https://www.vanguardngr.com/2018/04/976883/	https://web.archive.org/web/20180803155323/https://www.vanguardngr.com/2018/04/976883/	Nigeria	Vanguard
a59c863d-ca68-4191-9778-69f31a816d9c	Finally, Nigerian Troops Bombard Sambisa Forest	2015-02-03	http://leadership.ng/news/408993/finally-nigerian-troops-bombard-sambisa-forest	https://web.archive.org/web/20150204161545/http://leadership.ng/news/408993/finally-nigerian-troops-bombard-sambisa-forest	Nigeria	Leadership
a5ab998f-64fd-4d7a-a0ef-6fb0b6d6c8f0	Shocking !!! Police discover 40 feet well stored with petroleum products in Lagos	2010-07-30	http://www.vanguardngr.com/2010/07/shocking-police-discover-40-feet-well-stored-with-petroleum-products-in-lagos/	https://web.archive.org/web/20150425013441/http://www.vanguardngr.com/2010/07/shocking-police-discover-40-feet-well-stored-with-petroleum-products-in-lagos/	Nigeria	Vanguard
a7105b41-1e5c-4d6b-8920-ebad5d9e068c	New GOC, others appointed as Army retires 7 generals	2013-09-04	http://sunnewsonline.com/new/?p=37444	https://web.archive.org/web/20151129042412/http://sunnewsonline.com/new/new-goc-others-appointed-as-army-retires-7-generals/	Nigeria	The Sun
a78c84f2-bd87-40fb-8a16-2d5727462f6c	Major shake-up in Nigerian Army, 334 top officers redeployed	2015-07-30	http://www.premiumtimesng.com/news/top-news/187482-major-shake-up-in-nigerian-army-334-top-officers-redeployed.html	https://web.archive.org/web/20160529120510/http://www.premiumtimesng.com/news/top-news/187482-major-shake-up-in-nigerian-army-334-top-officers-redeployed.html	Nigeria	Premium Times
a90822fc-77bf-48e5-942e-5cb8d1fee32c	Boko Haram Attacks Possible in Ogun - Army Chief	2014-04-04	http://www.vanguardngr.com/2014/04/boko-haram-attacks-possible-ogun-army-chief/	https://web.archive.org/web/20140404042742/http://www.vanguardngr.com/2014/04/boko-haram-attacks-possible-ogun-army-chief/	Nigeria	Vanguard
aaaec31f-fda5-46f1-9db8-b399f17310c6	Boko Haram - New Dawn in Winning the War On Terror	2014-10-01	http://www.vanguardngr.com/2014/10/boko-haram-new-dawn-winning-war-terror/	https://web.archive.org/web/20141002043100/http://www.vanguardngr.com/2014/10/boko-haram-new-dawn-winning-war-terror/	Nigeria	Vanguard
ac45a2cb-34af-450b-9497-d1334af0db1b	Tambuwal Flays Poor Ranking Of Nigerian Varsities	2015-12-09	http://www.thetidenewsonline.com/2015/12/09/tambuwal-flays-poor-ranking-of-nigerian-varsities/	https://web.archive.org/web/20171221150602/http://www.thetidenewsonline.com/2015/12/09/tambuwal-flays-poor-ranking-of-nigerian-varsities/	Nigeria	The Tide
b12b91b8-63a8-41e1-910a-94d72a0548f7	Army General Dies in Auto Crash	2016-03-08	http://www.premiumtimesng.com/news/top-news/199795-nigerian-army-general-dies-auto-crash.html	https://web.archive.org/web/20160329063551/http://www.premiumtimesng.com/news/top-news/199795-nigerian-army-general-dies-auto-crash.html	Nigeria	Premium Times
b166faeb-7005-422d-8dd1-b8039edc0705	Lagos, 20 other states get new Police Commissioners	2014-09-08	http://www.vanguardngr.com/2014/09/lagos-20-states-get-new-command-police-commissioners/	https://web.archive.org/web/20160623162449/http://www.vanguardngr.com/2014/09/lagos-20-states-get-new-command-police-commissioners/	Nigeria	Vanguard
b367bbc1-0e17-4114-bae3-542eb49c3631	Brigadier General Laleye takes over as APR Director	2014-01-08	http://ww2.radionigeria.gov.ng/frnews-detail.php?ID=8118	https://web.archive.org/web/20171220190205/http://ww2.radionigeria.gov.ng/frnews-detail.php?ID=8118	Nigeria	Radio Nigeria
b533adfe-ec48-4fc7-8491-d4e890188506	Troops Arrest Three Boko Haram Commanders, Kill 22 Others	2016-04-13	http://guardian.ng/news/troops-arrest-three-boko-haram-commanders-kill-22-others/	https://web.archive.org/web/20160421160915/http://guardian.ng/news/troops-arrest-three-boko-haram-commanders-kill-22-others/	Nigeria	The Guardian
b6cf16e7-151c-4b9f-bd1f-6dd3ef055294	Soldiers celebrate Christmas in Gwoza, Buni Yadi	2017-12-26	https://www.vanguardngr.com/2017/12/soldiers-celebrate-christmas-gwoza-buni-yadi/	https://web.archive.org/web/20180826005301/https://www.vanguardngr.com/2017/12/soldiers-celebrate-christmas-gwoza-buni-yadi/	Nigeria	Vanguard
ba9dfc0a-9100-4268-a0be-8ff285891d30	Benue, Enugu Killings: Islamic group reacts, says blaming Fulani herdsmen “absurd”	2016-05-01	https://www.vanguardngr.com/2016/05/benue-enugu-killings-islamic-group-reacts-says-blaming-fulani-herdsmen-absurd/	https://web.archive.org/web/20160706124247/http://www.vanguardngr.com:80/2016/05/benue-enugu-killings-islamic-group-reacts-says-blaming-fulani-herdsmen-absurd/	Nigeria	Vanguard
baee185f-1173-44ac-86cc-39571202c0a6	Major Shakeup in Army - COAS Redeploys 317 Officers	2013-01-29	http://allafrica.com/stories/201301290161.html	https://web.archive.org/20131002160911/http://allafrica.com/stories/201301290161.html	Nigeria	Leadership
bb18283d-e1f4-438e-b7d7-be275b5086f8	Boko Haram: Rogers Nicholas replaces Attahiru as theatre commander	2017-12-06	http://dailypost.ng/2017/12/06/boko-haram-rogers-nicholas-replaces-attahiru-theatre-commander/	https://web.archive.org/web/20171208132009/http://dailypost.ng/2017/12/06/boko-haram-rogers-nicholas-replaces-attahiru-theatre-commander/	Nigeria	Daily Post
bf0b4628-a7a4-478b-9604-be6f2f6df284	Chief of Army Staff vows military will end insurgency	2015-04-30	https://www.vanguardngr.com/2015/04/chief-of-army-staff-vows-military-will-end-insurgency/	https://web.archive.org/web/20150504040329/http://www.vanguardngr.com:80/2015/04/chief-of-army-staff-vows-military-will-end-insurgency/	Nigeria	Vanguard
bf7f6415-99a0-40ef-adf4-709e3d53935b	Troops Kill 50 Insurgents, As Army Chief Visits Borno	2013-09-07	http://ireporters247.blogspot.com/2013/09/troops-kill-50-insurgents-as-army-chief.html	http://web.archive.org/web/20170822121310/http://ireporters247.blogspot.com/2013/09/troops-kill-50-insurgents-as-army-chief.html	Nigeria	Leadership
c33d75b1-a026-40e6-92a3-fe0ee1aa75c2	Troops kill many bandits, arrest Boko Haram logistics supplier in Kaduna	2018-06-09	https://www.vanguardngr.com/2018/06/army-kill-many-bandits-kaduna-arrest-boko-haram-logistics-supplier/	https://web.archive.org/web/20180806153615/https://www.vanguardngr.com/2018/06/army-kill-many-bandits-kaduna-arrest-boko-haram-logistics-supplier/	Nigeria	Vanguard
c3f65f09-5a83-4bc8-ad01-d23b404f4989	GOC, Brigade Commander Move to Liberate Monguno	2015-02-15	http://leadership.ng/news/411873/goc-brigade-commander-move-to-liberate-monguno	https://web.archive.org/web/20150321195741/http://leadership.ng/news/411873/goc-brigade-commander-move-to-liberate-monguno	Nigeria	Leadership
cd2518d9-5399-4a89-aca4-cade1f015461	Military Can Tackle Internal Security Challenges, Says GOC	2011-11-14	http://www.vanguardngr.com/2011/11/military-can-tackle-internal-security-challenges-says-goc/	https://web.archive.org/web/20111114210944/http://www.vanguardngr.com/2011/11/military-can-tackle-internal-security-challenges-says-goc/	Nigeria	Vanguard
cfa4d127-c092-4d43-a409-897f5a4081cc	Stars on their shoulders. Blood on their hands. War crimes committed by the Nigerian military	2015-06-02	https://www.amnesty.org/en/documents/afr44/1657/2015/en/	https://web.archive.org/web/20150910231307/https://www.amnesty.org/en/documents/afr44/1657/2015/en/	United Kingdom	Amnesty International
d0242be6-748c-49c1-805e-781982d2ade8	Army moves against terrorism in Lagos	2014-02-07	http://sunnewsonline.com/new/?p=51108	https://web.archive.org/web/20140209221915/http://sunnewsonline.com/new/national/army-moves-terrorism-lagos/	Nigeria	The Sun
d0381937-4a5a-496e-ad2f-c3ee9043a93f	"Army ""Corners"" Boko Haram Leader, Shekau, In Borno Hills-Punch Newspaper"	2013-07-26	http://saharareporters.com/2013/07/26/army-corners-boko-haram-leader-shekau-borno-hills-punch-newspaper	https://web.archive.org/web/20140808234344/http://saharareporters.com/2013/07/26/army-corners-boko-haram-leader-shekau-borno-hills-punch-newspaper	United States of America	Sahara Reporters
d43c3d21-d486-4423-842e-90adae33724d	Special Report - Inside the Massive Extrajudicial Killings in Nigeria's South-East	2016-06-08	http://www.premiumtimesng.com/investigationspecial-reports/204902-special-report-inside-massive-extrajudicial-killings-nigerias-south-east.html	https://web.archive.org/web/20160610152403/http://www.premiumtimesng.com/investigationspecial-reports/204902-special-report-inside-massive-extrajudicial-killings-nigerias-south-east.html	Nigeria	Premium Times
d76f4d12-8c45-4724-9912-9f698b2929dc	35 bandits killed, 39 others arrested in North-East – Nigerian Army	2016-03-19	http://www.premiumtimesng.com/news/top-news/200415-35-bandits-killed-39-others-arrested-north-east-nigerian-army.html	https://web.archive.org/web/20160324065014/http://www.premiumtimesng.com/news/top-news/200415-35-bandits-killed-39-others-arrested-north-east-nigerian-army.html	Nigeria	Premium Times
d8bf80b6-98be-4bde-86bf-d495503bc984	Army Wraps up Military Exercise in South-east	2017-10-16	https://www.thisdaylive.com/index.php/2017/10/16/army-wraps-up-military-exercise-in-south-east/	https://web.archive.org/web/20171016060611/https://www.thisdaylive.com/index.php/2017/10/16/army-wraps-up-military-exercise-in-south-east/	Nigeria	This Day
d8c1e434-858d-4f9b-b306-001c9224b9b0	24 Killed in Bauchi, Jos Attacks	2011-01-28	http://allafrica.com/stories/201101280503.html	https://web.archive.org/20110130044716/http://allafrica.com:80/stories/201101280503.html	Nigeria	Leadership
d9090269-1988-420d-a0fc-2085c0066a92	Kebbi gov. donates cash to slain soldiers’ wives	2017-08-31	http://sunnewsonline.com/kebbi-gov-donates-cash-to-slain-soldiers-wives/	https://web.archive.org/web/20170831171939/http://sunnewsonline.com/kebbi-gov-donates-cash-to-slain-soldiers-wives/	Nigeria	The Sun
d9ae6e20-eb12-4c81-9286-32756ea33a82	3 killed, one arrested as JTF, terrorists clash in Damaturu	2012-07-02	http://www.vanguardngr.com/2012/07/3-killed-one-arrested-as-jtf-terrorists-clash-in-damaturu/	https://web.archive.org/web/20120702074843/http://www.vanguardngr.com/2012/07/3-killed-one-arrested-as-jtf-terrorists-clash-in-damaturu/	Nigeria	Vanguard
dfb43e98-9ee5-44be-9770-cac6c5e11d17	NEW THEATRE COMMANDERS FOR OPERATION LAFIYA DOLE APPOINTED	2015-12-18	http://defenceinfo.mil.ng/new-theatre-commanders-for-operation-lafiya-dole-appointed/	https://web.archive.org/web/20160407205653/http://defenceinfo.mil.ng/new-theatre-commanders-for-operation-lafiya-dole-appointed/	Nigeria	Defence Headquarters
e12a7970-4bda-477a-b8ee-7dcc64b51bb8	Nigerian Army 1 Division.	Not specified	http://army.mil.ng/Nigerian%20Army%20-%201%20Division.htm	https://web.archive.org/web/20140307233938/http://army.mil.ng:80/Nigerian%20Army%20-%201%20Division.htm	Nigeria	Nigerian Army
e20c003f-b64d-4196-87fe-18edbe3c2259	PDP's Perfected Plot to Rig Polls, Alleges Oshiomhole	2015-02-26	http://www.vanguardngr.com/2015/02/pdps-perfected-plot-to-rig-polls-alleges-oshiomhole/	https://web.archive.org/web/20150316111955/http://www.vanguardngr.com/2015/02/pdps-perfected-plot-to-rig-polls-alleges-oshiomhole/	Nigeria	Vanguard
e48764f9-b89b-4ac8-b2a4-6b5d37ffb07d	Emergency Rule - Economic Activities Grounded in Three States	2013-05-17	http://www.leadership.ng/news/170513/emergency-rule-economic-activities-grounded-3-states	https://web.archive.org/web/20130609170713/http://www.leadership.ng/news/170513/emergency-rule-economic-activities-grounded-3-states	Nigeria	Leadership
e4dbed3c-8b08-4325-b239-86d1e9b2f574	Soldiers Seize Leadership, Daily Trust, the Nation Newspapers in Minna	2014-06-10	http://allafrica.com/stories/201406100282.html	https://web.archive.org/20140610142955/http://allafrica.com/stories/201406100282.html	Nigeria	Leadership
e6229f5c-fe49-4fa2-b296-6cbc8ee0013d	Akeredolu Laments Rise In Kidnap Cases	2017-07-26	https://www.pmnewsnigeria.com/2017/07/26/akeredolu-laments-rise-kidnap-cases/	https://web.archive.org/web/20170727013019/https://www.pmnewsnigeria.com/2017/07/26/akeredolu-laments-rise-kidnap-cases/	Nigeria	P.M. News
e7624061-1fee-47c0-b3ff-d0d5a8800e9b	Security Challenges: GOC Organises Training for Army Formations	2017-02-21	https://www.thisdaylive.com/index.php/2017/02/21/security-challenges-goc-organises-training-for-army-formations/	https://web.archive.org/web/20170405042700/https://www.thisdaylive.com/index.php/2017/02/21/security-challenges-goc-organises-training-for-army-formations/	Nigeria	This Day
e94b444c-331b-4c3f-a806-34299fcc4b89	23 cultists, 15 vandals in trouble	2018-04-21	https://www.vanguardngr.com/2018/04/23-cultists-15-vandals-trouble/	https://web.archive.org/web/20180826000551/https://www.vanguardngr.com/2018/04/23-cultists-15-vandals-trouble/	Nigeria	Vanguard
e979fd13-cefc-4081-8386-3726c9576970	Army, Airforce Move Into Jos	2011-09-14	http://www.vanguardngr.com/2011/09/army-airforce-move-into-jos/	https://web.archive.org/web/20110914090317/http://www.vanguardngr.com/2011/09/army-airforce-move-into-jos/	Nigeria	Vanguard
eb517afd-319c-4949-9a40-63752bef4001	Army begins fitness competition in C-River	2017-08-01	https://www.vanguardngr.com/2017/08/army-begins-fitness-competition-c-river/	https://web.archive.org/web/20180731154744/https://www.vanguardngr.com/2017/08/army-begins-fitness-competition-c-river/	Nigeria	Vanguard
edcbbdaf-79fe-4e68-b255-91181e8c5962	Insurgents Seize the Gulak Village	2014-09-06	http://allafrica.com/stories/201409081607.html	https://web.archive.org/20140910023230/http://allafrica.com/stories/201409081607.html	Nigeria	Leadership
eeb8a422-93b2-456f-8874-68eedeace90c	New Theatre Commander Ops LAFIYA DOLE, Gen Attahiru resumes	2017-05-30	http://sunnewsonline.com/new-theatre-commander-ops-lafiya-dole-gen-attahiru-resumes/	https://web.archive.org/web/20171016145937/http://sunnewsonline.com/new-theatre-commander-ops-lafiya-dole-gen-attahiru-resumes/	Nigeria	The Sun
ef0096ed-e1db-4c3e-b8a3-259c9bec5063	Insurgency: Nigeria at war —GOC warns	2014-02-20	http://www.dailytrust.com.ng/daily/index.php/news-menu/news/17319-insurgency-nigeria-at-war-goc-warns	https://web.archive.org/web/20150930005834/http://www.dailytrust.com.ng/daily/index.php/news-menu/news/17319-insurgency-nigeria-at-war-goc-warns	Nigeria	Daily Trust
efd4f30d-9d8e-4df4-8fac-5ef7b8c3135e	95 generals moved in fresh Army shake-up	2015-07-30	http://www.vanguardngr.com/2015/07/95-generals-moved-in-fresh-army-shake-up/	https://web.archive.org/web/20150810054418/http://www.vanguardngr.com/2015/07/95-generals-moved-in-fresh-army-shake-up/	Nigeria	Vanguard
f1f26a4f-10e2-4ce4-a00d-bf614c1efefb	Troops destroys Boko Haram IED factory, rescues hostages in Borno	2018-04-24	https://www.vanguardngr.com/2018/04/troops-destroys-boko-haram-ied-factory-rescues-hostages-borno/	https://web.archive.org/web/20180808190838/https://www.vanguardngr.com/2018/04/troops-destroys-boko-haram-ied-factory-rescues-hostages-borno/	Nigeria	Vanguard
f3dd4b96-e621-4a6f-a3bb-b74d8f7364db	NSCIA to Boko Haram - Stop Spilling Blood	2013-05-09	http://leadership.ng/news/336592/nscia-boko-haram-stop-spilling-blood	https://web.archive.org/web/20150308034431/http://leadership.ng/news/336592/nscia-boko-haram-stop-spilling-blood	Nigeria	Leadership
f4888dff-c139-4938-80b2-4d864725007f	Stars on their shoulders. Blood on their hands. War crimes committed by the Nigerian military	2015-06-02	https://www.amnesty.org/en/documents/afr44/1657/2015/en/	https://web.archive.org/web/20150910231307/https://www.amnesty.org/en/documents/afr44/1657/2015/en/	United Kingdom	Amnesty International
fb5b60cc-ac5d-4bce-80d3-ab0e8579af04	Herdsmen Menace: 3	2016-01-30	http://www.ngrguardiannews.com/2016/01/herdsmen-menace-3-7-million-lives-lost-in-16-years-in-adamawa/	https://web.archive.org/web/20160131083653/http://www.ngrguardiannews.com/2016/01/herdsmen-menace-3-7-million-lives-lost-in-16-years-in-adamawa/	Nigeria	The Guardian
fe91aabe-38b0-458d-8a55-8032b0e40ed1	Presidency Moves to Avert Attacks on Mosques, Churches During Sallah	2012-08-18	http://www.vanguardngr.com/2012/08/presidency-moves-to-avert-attacks-on-mosques-churches-during-sallah/	https://web.archive.org/web/20121022051043/http://www.vanguardngr.com/2012/08/presidency-moves-to-avert-attacks-on-mosques-churches-during-sallah/	Nigeria	Vanguard
